{"cameraMode":{"drawMode":0,"name":"Shaded","section":"Shading Mode"},"sceneLighting":true,"audioPlay":false,"sceneViewState":{"m_AlwaysRefresh":false,"showFog":true,"showSkybox":true,"showFlares":true,"showImageEffects":true,"showParticleSystems":true,"showVisualEffectGraphs":true,"m_FxEnabled":true},"in2DMode":false,"pivot":{"x":-0.12658321857452393,"y":0.1952027678489685,"z":-0.9106595516204834},"rotation":{"x":0.4491347372531891,"y":0.18706980347633363,"z":-0.09659933298826218,"w":0.868333637714386},"size":0.3332447409629822,"orthographic":false}